Titel;jahr;Vorname;partei;Nachname;id
;2013;Christian;2;Ude;2101
;2013;Natascha;2;Kohnen;2102
;2013;Markus;2;Rinderspacher;2103
;2013;Kathrin;2;Sonnenholzner;2104
 Dr.;2013;Werner;2;Widuckel;2105
;2013;Maria;2;Noichl;2106
;2013;Hans-Ulrich;2;Pfaffmann;2107
;2013;Doris;2;Rauscher;2108
;2013;Martin;2;Guell;2109
;2013;Isabell;2;Zacharias;2110
 Dr.;2013;Albert;2;Thurner;2111
 Dr.;2013;Elif;2;Cindik-Herbrueggen;2112
;2013;Achim;2;Werner;2113
;2013;Diana;2;Stachowitz;2114
;2013;Guenter;2;Zellner;2115
;2013;Ruth;2;Waldmann;2116
;2013;Roman;2;Niederberger;2117
;2013;Guenther;2;Knoblauch;2118
;2013;Florian;2;Ritter;2119
 Dr.;2013;Peter Paul;2;Gantzer;2120
;2013;Tim;2;Weidner;2121
;2013;Horst;2;Winter;2122
;2013;Andreas;2;Lotte;2123
;2013;Peter;2;Warlimont;2124
;2013;Paul;2;Lehmann;2125
;2013;Florian;2;Brunn von;2126
;2013;Dirk;2;Reichenau;2127
 Dr.;2013;Herbert;2;Kraenzlein;2128
;2013;Thomas;2;Mandl;2129
 Dr.;2013;Manfred;2;Bischoff;2130
;2013;Markus;2;Kaeser;2131
;2013;Julia;2;Rothmayer;2132
;2013;Andreas;2;Deutinger;2133
;2013;Ingelore;2;Pilwousek;2134
;2013;Ulf;2;Schroeder;2135
;2013;Gesche;2;Hoffmann-Weiss;2136
;2013;Franz Josef;2;Amann;2137
;2013;Marina;2;Achhammer;2138
;2013;Wolfgang;2;Simeth;2139
;2013;Sinaida;2;Kumpf;2140
;2013;Daniel;2;Kalteis;2141
;2013;Eleonore;2;Ismail;2142
;2013;Dominic;2;Scales;2143
;2013;Gabriele;2;Wallner;2144
;2013;Horst;2;Schmidt;2145
;2013;Horst;1;Seehofer;1101
;2013;Ilse;1;Aigner;1102
 Dr.;2013;Ludwig;1;Spaenle;1103
;2013;Christine;1;Haderthauer;1104
 Dr.;2013;Marcel;1;Huber;1105
;2013;Reinhold;1;Bocklet;1106
;2013;Mechthilde;1;Wittmann;1107
 Dr.;2013;Martin;1;Huber;1108
;2013;Anton;1;Kreitmair;1109
;2013;Georg;1;Eisenreich;1110
;2013;Leslie;1;Mandoki;1111
;2013;Martin;1;Reiter;1112
 Dr.;2013;Thomas;1;Goppel;1113
;2013;Ingrid;1;Heckner;1114
;2013;Thomas;1;Schreder;1115
;2013;Martin;1;Bachhuber;1116
 Dr.;2013;Otmar;1;Bernhard;1117
;2013;Markus;1;Blume;1118
;2013;Robert;1;Brannekaemper;1119
;2013;Alexander;1;Dorow;1120
 Dr.;2013;Ute;1;Eiling-Huetig;1121
;2013;Matthias;1;Enghuber;1122
;2013;Markus;1;Froeschl;1123
 Dr.;2013;Florian;1;Herrmann;1124
;2013;Thomas;1;Huber;1125
;2013;Michaela;1;Kaniber;1126
;2013;Harald;1;Kuehn;1127
;2013;Otto;1;Lederer;1128
;2013;Andreas;1;Lorenz;1129
;2013;Markus;1;Meyer;1130
;2013;Peter;1;Ostenrieder;1131
;2013;Franz;1;Pany;1132
;2013;Rolf;1;Picker;1133
;2013;Ulrike;1;Scharf;1134
;2013;Tanja;1;Schorer-Dremel;1135
;2013;Kerstin;1;Schreyer-Staeblein;1136
;2013;Heino;1;Seeger;1137
;2013;Bernhard;1;Seidenath;1138
;2013;Klaus;1;Steiner;1139
;2013;Klaus;1;Stoettner;1140
;2013;Karl;1;Straub;1141
;2013;Joachim;1;Unterlaender;1142
;2013;Max;1;Weichenrieder;1143
;2013;Ernst;1;Weidenbusch;1144
;2013;Eva;3;Gottstein;3101
 Dr.;2013;Michael;3;Piazolo;3102
;2013;Manfred;3;Pointner;3103
;2013;Florian;3;Streibl;3104
;2013;Ute, genannt Jung Cl;3;Singer;3105
;2013;Markus;3;Reichhart;3106
 Dr.;2013;Lothar;3;Seissiger;3107
;2013;Nikolaus;3;Kraus;3108
;2013;Felix;3;Stahl;3109
;2013;Balthasar;3;Brandhofer;3110
;2013;Peter;3;Aicher;3111
 Dr.;2013;Otto;3;Bertermann;3112
;2013;Gottfried;3;Obermair;3113
;2013;Rainer;3;Mehringer;3114
;2013;Michael;3;Koller;3115
;2013;Matthias;3;Demmel;3116
;2013;Peter;3;Gruen von der;3117
;2013;Ursula;3;Sabathil;3118
;2013;Albert;3;Luppart;3119
;2013;Markus;3;Saller;3120
;2013;Johann;3;Altmann;3121
;2013;Martina;3;Purkhardt;3122
;2013;Manfred;3;Zallinger;3123
 Dr.;2013;Wilfried;3;Seidelmann;3124
;2013;Ingeborg;3;Michelfeit;3125
;2013;Richard;3;Drexl;3126
;2013;Christine;3;Degenhart;3127
;2013;Ruth;3;Busl;3128
;2013;Sascha;3;Freitag;3129
;2013;Helmut;3;Tauscher;3130
;2013;Viktoria;3;Multrus;3131
 Dr.;2013;Franz;3;Ballauf;3132
;2013;Markus;3;Erhorn;3133
;2013;Ursula;3;Angenend;3134
;2013;Eduard;3;Zwingler;3135
;2013;Rasso;3;Rebay von Ehrenwiese;3136
;2013;Karl;3;Maier;3137
;2013;Egon;3;Barlag;3138
;2013;Stephan;3;Bruhn;3139
;2013;Christian;3;Kraemer;3140
;2013;Gisela;3;Hoelscher;3141
;2013;Benno;3;Zierer;3142
;2013;Anton;3;Haunsberger;3143
;2013;Margarete;4;Bause;4101
;2013;Ludwig;4;Hartmann;4102
;2013;Claudia;4;Stamm;4103
 Dr.;2013;Christian;4;Magerl;4104
;2013;Katharina;4;Schulze;4105
 Dr.;2013;Markus;4;Buechler;4106
;2013;Susanna;4;Tausendfreund;4107
 Dr.;2013;Martin;4;Runge;4108
;2013;Helga;4;Stieglmeier;4109
 Dr.;2013;Sepp;4;Duerr;4110
;2013;Martina;4;Neubauer;4111
;2013;Christian;4;Hierneis;4112
;2013;Gisela;4;Sengl;4113
;2013;Peter;4;Rutz;4114
;2013;Heidi;4;Schiller;4115
;2013;Florian;4;Kraus;4116
;2013;Monika;4;Pfriender;4117
 Dr.;2013;Bartl;4;Wimmer;4118
;2013;Waltraud;4;Gruber;4119
;2013;Gerhard;4;Waas;4120
;2013;Cathrin;4;Henke;4121
;2013;Thomas;4;Pfeiffer;4122
;2013;Kerstin;4;Schnapp;4123
;2013;Thomas;4;Knott;4124
;2013;Anne;4;Franke;4125
;2013;Detlef;4;Daeke;4126
;2013;Luise;4;Krispenz;4127
 Dr.;2013;Rupert;4;Ebner;4128
;2013;Gabriela;4;Seitz-Hoffmann;4129
;2013;Christian;4;Hoebusch;4130
;2013;Petra;4;Gabler-Kurz;4131
;2013;Alfred;4;Honisch;4132
;2013;Silke;4;Allroggen;4133
;2013;Achim;4;Liebl;4134
;2013;Rozsika;4;Farkas;4135
;2013;Bernd;4;Oostenryck;4136
;2013;Antje;4;Wagner;4137
;2013;Andreas;4;Morr;4138
;2013;Anna;4;Schmidhuber;4139
;2013;Alexander;4;Miklosy;4140
;2013;Marese;4;Hoffmann;4141
;2013;Oswald;4;Utz;4142
;2013;Sarah;4;Wetzel;4143
;2013;Anton;4;Maier;4144
;2013;Lucia;4;Schmidt;4145
;2013;Benedikt;4;Mayer;4146
;2013;Anna;4;Rutz;4147
 Dr.;2013;Florian;4;Roth;4148
;2013;Walburga;4;Moertl-Koerner;4149
 Dr.;2013;Georg;4;Gafus;4150
;2013;Guelseren;4;Demirel;4151
 Dr.;2013;Peter;4;Zimmer;4152
;2013;Ulrike;4;Kuester;4153
;2013;Johannes;4;Mecke;4154
;2013;Marlis;4;Friedl;4155
;2013;Georg;4;Linner;4156
;2013;Helga;4;Mandl;4157
;2013;Tobias;4;Traut;4158
;2013;Jutta;4;Koller;4159
;2013;Hep;4;Monatzeder;4160
;2013;Martin;5;Zeil;5101
 Dr.;2013;Wolfgang;5;Heubisch;5102
;2013;Tobias;5;Thalhammer;5103
;2013;Renate;5;Will;5104
;2013;Daniel;5;Foest;5105
;2013;Julika;5;Sandt;5106
;2013;Sandra;5;Bubendorfer-Licht;5107
;2013;Friedrich;5;Haugg;5108
 Dr.;2013;Gabriele;5;Weishaeupl;5109
;2013;Eva;5;Huebener;5110
;2013;Jutta;5;Herzner-Tomei;5111
 Dr.;2013;Walter;5;Buggisch;5112
;2013;Andreas;5;Keck;5113
;2013;Mahmut;5;Tuerker;5114
;2013;Juergen;5;Koch;5115
 Dr.;2013;Berthold;5;Manke;5116
 Dr.;2013;Andreas;5;Siebel;5117
 Dr.;2013;Volker;5;Koschay;5118
;2013;Rochus;5;Kammer;5119
 Dr.;2013;Klaus;5;Wollenberg;5120
;2013;Wolfgang;5;Schmidt;5121
;2013;Sebastian;5;Krieger;5122
;2013;Florian;5;Wildt;5123
;2013;Andreas;5;Teichmann;5124
;2013;Adrian;5;Gluchow;5125
;2013;Kurt;5;Binder;5126
;2013;Rupert;5;Lanzinger;5127
;2013;Rainer;5;Daschner;5128
;2013;Guenther;5;Thauer;5129
;2013;Klement;5;Bezdeka;5130
;2013;Robert;5;Klein;5131
;2013;Gerald;5;Kunzmann;5132
;2013;Britta;5;Hundesruegge;5133
;2013;Stephanie;5;Bachhuber;5134
;2013;Michael;5;Luppert;5135
;2013;Siegfried;5;Bauer;5136
 Dr.;2013;Michael;5;Ruoff;5137
 Dr.;2013;Joachim;5;Guethe;5138
;2013;Herbert;5;Brueser;5139
;2013;Maria-Theresia;5;Seidlein von;5140
 Dr.;2013;Christian;5;Stangl;5141
;2013;Peter;5;Griese;5142
 Dr.;2013;Klaus;5;Rehbock;5143
 Dr.;2013;Alexis;5;Rump;5144
;2013;Constanze;5;Gill;5145
;2013;Monika;5;Schlebusch;5146
;2013;Eduard;5;Gruber;5147
;2013;Lui;5;Toman;5148
;2013;Alexander;5;Mueller;5149
;2013;Joern;5;Mierke;5150
;2013;Saika;5;Merx;5151
;2013;Moritz;5;Ostwald;5152
;2013;Georg;5;Resch;5153
;2013;Hubert;5;Ruf;5154
;2013;Franz;5;Niedermayr;5155
;2013;Johannes;5;Hohenthaner;5156
;2013;Brigitte;6;Wolf;6101
;2013;Manfred;6;Lindner;6102
;2013;Laura;6;Schimmel;6103
;2013;Juergen;6;Siebicke;6104
;2013;Lilian;6;Schlumberger-Dogu;6105
 Dr.;2013;Guido;6;Hoyer;6106
;2013;Kerstin;6;Wei;6107
;2013;Karl;6;Ischinger;6108
;2013;Sophia;6;Jokisch;6109
;2013;Hansjoachim;6;Sprinz;6110
;2013;Elfi;6;Padovan;6111
;2013;Lutz;6;Haensel;6112
 Dr.;2013;Michaele;6;Siebe;6113
;2013;Johannes;6;Keller;6114
;2013;Gisela;6;Fink;6115
;2013;Roland;6;Keller;6116
;2013;Marianne;6;Selke;6117
;2013;Johann;6;Hahn;6118
;2013;Julia;6;Killet;6119
;2013;Reinhard;6;Mosner;6120
;2013;Monika;6;Reith;6121
;2013;Jan;6;Tepperies;6122
;2013;Regina;6;Pojda;6123
;2013;Roberto;6;Paskowski;6124
;2013;Alexandra;6;Grimm;6125
;2013;Johann;6;Zitzlsberger;6126
;2013;Ellen;6;Keller;6127
;2013;Manfred;6;Dannhorn;6128
;2013;Annemarie;6;Fingert;6129
;2013;Juergen;6;Lohmueller-Kaupp;6130
;2013;Rosa;6;Mittermaier-Muehldor;6131
;2013;Klaus-Dieter;6;Bornemann;6132
;2013;Ulrike;6;Hodek;6133
;2013;Ulrich;6;Sedlaczek;6134
;2013;Diana;6;Fingert;6135
;2013;Hans;6;Sedlmaier;6136
;2013;Almuth;6;Roenner;6137
;2013;Georg;6;Zacher;6138
;2013;Doris;6;Reinfeld;6139
;2013;Joerg;6;Hager;6140
;2013;Josef;6;Obermeier;6141
;2013;Ruth;6;Thon;6142
;2013;Erich;6;Utz;6143
;2013;Roland;6;Hopp;6144
;2013;Reinhard;6;Peters;6145
;2013;Steffen;6;Boehm;6146
;2013;Ernst;6;Tuppen;6147
;2013;Maximilian;6;Brym;6148
;2013;Rainer;6;Lindner;6149
;2013;Joern;6;Weichold;6150
;2013;Dieter;6;Rahnenfuehrer;6151
;2013;Anton;6;Greil;6152
;2013;Hans-Dietmar;6;Maurer;6153
;2013;Walter;6;Koppe;6154
;2013;Matthias;6;Hofbauer;6155
;2013;Manfred;6;Helfensteller;6156
;2013;Klaus-Peter;6;Haeusser;6157
;2013;Uwe;6;Schulz;6158
 Dr.;2013;Harald;6;Braun;6159
;2013;Andreas;6;Peter;6160
;2013;Sebastian;7;Frankenberger;7101
;2013;Christiane;7;Luest;7102
;2013;Willi;7;Reinbold;7103
;2013;Mechthild;7;Hofner;7104
;2013;Karl Heinz;7;Jobst;7105
;2013;Stephan;7;Treffler;7106
;2013;Rudolf;7;Kuehn;7107
;2013;Rosi;7;Reindl;7108
 Dr.;2013;Klaus;7;Buchner;7109
;2013;Josef;7;Fortner;7110
;2013;Agnes;7;Edenhofer;7111
;2013;Elisabeth;7;Roider;7112
;2013;Reinhard;7;Retzer;7113
;2013;Mechthild;7;Walter von;7114
;2013;Wilhelm;7;Bothar;7115
;2013;Wolfgang;7;Buttner;7116
;2013;Joerg;7;Kaestl;7117
;2013;Franziska;7;Spannagl;7118
;2013;Michael;7;Wuerflein;7119
;2013;Gerd;7;Lierhammer;7120
;2013;Herbert;7;Stoeckl;7121
;2013;Johanna;7;Weigl-Muehlfeld;7122
;2013;Thomas;7;Prudlo;7123
;2013;Tanja;7;Pfisterer;7124
;2013;Agnes;7;Thanbichler;7125
;2013;Helmut;7;Kauer;7126
;2013;Dorothea;7;Edelmann;7127
;2013;Frank;7;Senftleben;7128
;2013;Richard;7;Fischer;7129
;2013;Johann;7;Huber;7130
;2013;Bernd;7;Louisoder;7131
;2013;Wilhelm;7;Cordes;7132
;2013;Guenther;7;Hartmann;7133
;2013;Birgit;7;Oswald;7134
;2013;Ludwig;7;Maier;7135
;2013;Steffen;7;Goelzner;7136
;2013;Hermann;7;Hofstetter;7137
;2013;Georg;7;Schmid;7138
;2013;Regina;7;Koller;7139
;2013;Adrian;7;Heim;7140
;2013;Raimund;7;Koestler;7141
;2013;Sabine;7;Hitzner;7142
;2013;Bernd;7;Knatz;7143
;2013;Stefan;7;Gampe;7144
;2013;Patricia;7;Kienle;7145
;2013;Hans;7;Baumgartner;7146
;2013;Claudia;7;Zollbrecht;7147
;2013;Michael;7;Stichlmair;7148
;2013;Maria;7;Mueller;7149
;2013;Eberhard;7;Ryba;7150
;2013;Peter;7;Limmer;7151
;2013;Michael;7;Sandweg;7152
;2013;Ulrich;7;Ellwanger;7153
;2013;Peter;7;Lutz;7154
;2013;Hanno;7;Sombach;7155
;2013;Lisa;7;Wimmer;7156
;2013;Jakob;7;Sedlmeier;7157
;2013;Roswitha;7;Bendl;7158
;2013;Andreas;7;Huber;7159
;2013;Franz;7;Hofmaier;7160
;2013;Martin;8;Huber;8101
;2013;Rudolf;8;Hoetzel;8102
;2013;Tilo;8;Schoene;8103
;2013;Peter;8;Schecklmann;8104
;2013;Adolf;8;Bauer;8105
;2013;Guenter;8;Peschke;8106
;2013;Gottfried;8;Schubert;8107
;2013;Markus;8;Schmid;8108
;2013;Guenther;8;Vogl;8109
;2013;Herbert;8;Fischer;8110
;2013;Manfred;8;Lurz;8111
;2013;Wolfgang;8;Wengle;8112
;2013;Helmuth;8;Demmel;8113
;2013;Werner;8;Goetz;8114
;2013;Manfred;8;Strobl;8115
;2013;Peter;8;Attenhauser;8116
;2013;Otto;8;Kellermann;8117
;2013;Brigitte;8;Wengle;8118
;2013;Josef;8;Fuchs;8119
;2013;Johann;8;Gottanker;8120
;2013;Angelika;8;Haas;8121
;2013;Frank-Uwe;8;Hermann;8122
;2013;Reinhard;8;Hornberger;8123
;2013;Wolfgang;8;Jensen;8124
;2013;Abdul-Latife;8;Khalid;8125
;2013;Norbert;8;Kiehnast;8126
;2013;Stanislav;8;Kolar;8127
;2013;Horst;8;Leicht;8128
;2013;Petra;8;Loerk;8129
;2013;Augustinus;8;Mederle;8130
;2013;Wolfgang;8;Meinhart;8131
;2013;Ulrike;8;Schecklmann;8132
;2013;Marco;8;Schielke;8133
;2013;Olaf;8;Schink;8134
;2013;Johann;8;Schmaus;8135
;2013;Christian;8;Schmidt-Hoenow;8136
;2013;Felix;8;Schuster;8137
;2013;Johann;8;Steer;8138
;2013;Georg;8;Weber;8139
;2013;Florian;9;Weber;9101
;2013;Richard;9;Schoeps;9102
;2013;Alfons;9;Baumgartner;9103
;2013;Hermann;9;Dempfle;9104
;2013;Josef;9;Lausch;9105
;2013;Hans-Anton;9;Leistl;9106
;2013;Regina;9;Schropp;9107
;2013;Christa;9;Summerer;9108
;2013;Helmut-Josef;9;Freund;9109
;2013;Richard;9;Progl;9110
;2013;Johann;9;Wagner;9111
;2013;Josef;9;Paintner;9112
;2013;Christian;9;Eckert;9113
;2013;Andreas;9;Niedermeier;9114
;2013;Andrea;9;Miehling;9115
;2013;Robert;9;Bauer;9116
;2013;Franz;9;Beierbeck;9117
;2013;Hubert;9;Dorn;9118
;2013;Johann;9;Eberle;9119
;2013;Christian;9;Ferstl;9120
;2013;Andreas;9;Gmeinwieser;9121
;2013;Charlotte;9;Gornik;9122
 Dr.;2013;Ulrich;9;Leischner;9123
;2013;Andreas;9;Lintl;9124
;2013;Rupert;9;Mayerhofer;9125
;2013;Werner;9;Podehl;9126
;2013;Wolfgang;9;Roth;9127
;2013;Christian;9;Salvermoser;9128
;2013;Gisela;9;Traexler;9129
;2013;Erich;9;Wimmer;9130
;2013;Harold;9;Amann;9131
;2013;Anton;9;Auer;9132
;2013;Guenter;9;Bauer;9133
;2013;Bernd;9;Brandl;9134
;2013;Pauli;9;Doll;9135
;2013;Thomas;9;Freund;9136
;2013;Johann;9;Gattinger;9137
;2013;Beppo;9;Geiger;9138
;2013;Andreas;9;Grasegger;9139
;2013;Karl;9;Guenzl;9140
;2013;Elke;9;Heller;9141
 Dr.;2013;Michael;9;Helm;9142
;2013;Georg;9;Hoetzelsperger;9143
;2013;Meinrad;9;Kraus;9144
;2013;Vanessa;9;Mariacher;9145
;2013;Marcus;9;Muhr;9146
;2013;Rudolf;9;Patzwaldt;9147
;2013;Stefan;9;Reif;9148
;2013;Werner;9;Schauer;9149
;2013;Walter;9;Schmoll;9150
;2013;Hans;9;Schoenbrunner;9151
 Dr.;2013;Caroline;9;Schwarz;9152
;2013;Thomas;9;Sieber;9153
;2013;Bernhard;9;Siemeir;9154
;2013;Guenther;9;Steiger;9155
;2013;Sabine;9;Wahrenberg;9156
;2013;Heinrich;9;Wallner;9157
;2013;Michaela;9;Weigl;9158
;2013;Cornelia;9;Zadrosny;9159
;2013;Robert;9;Zehetmaier;9160
;2013;Werner;10;Zuse;10101
;2013;Christa;10;Kaiser;10102
;2013;Josef;10;Perschl;10103
;2013;Michael;10;Krumbachner;10104
;2013;Aloisia;10;Schuster-Abdulrahman;10105
;2013;Michael;11;Stuerzenberger;11101
;2013;Maria;11;Frank;11102
;2013;Manfred;11;Schwaller;11103
;2013;Christian;11;Holz;11104
;2013;Philipp;11;Tetzner;11105
;2013;Renate;11;Rothe;11106
;2013;Martin;12;Liebe;12101
;2013;Anna;12;Lang;12102
;2013;Roland;12;Jungnickel;12103
;2013;Florian;12;Deissenrieder;12104
;2013;Rebecca;12;Winer;12105
;2013;Christian;12;chter;12106
;2013;Franz Josef;12;Bachhuber;12107
;2013;Janina;12;Baier;12108
;2013;Christian;12;Baumeister;12109
;2013;Florian;12;Braig;12110
;2013;Reinhold;12;Deuter;12111
;2013;Gerhard;12;Doebereiner;12112
;2013;Gerd;12;Fleischer;12113
;2013;Stefan;12;Groeller;12114
;2013;Tobias;12;Groemcke;12115
;2013;Bernhard;12;Haeusler;12116
;2013;Johann;12;Kaehsmann;12117
;2013;Maren;12;Kammler;12118
;2013;Alexander;12;Kohler;12119
;2013;Eric;12;Lembeck;12120
;2013;Thomas;12;Mayer;12121
;2013;Tobias;12;Mc Fadden;12122
;2013;Joachim;12;Moench;12123
;2013;Michael;12;Nicolai;12124
;2013;Hans-Peter;12;Rotter;12125
;2013;Arnold;12;Schiller;12126
;2013;Johannes;12;Schmidt;12127
;2013;Martin;12;Schoen;12128
 Dr.;2013;Andreas;12;Stroehle;12129
;2013;Andreas;12;Stuerzl;12130
;2013;Alexander;12;Wende;12131
;2013;Andreas;12;Witte;12132
;2013;Helmut;1;Brunner;1201
;2013;Max;1;Gibis;1202
;2013;Reserl;1;Sem;1203
;2013;Bernd;1;Sibler;1204
;2013;Florian;1;Hoelzl;1205
;2013;Hans;1;Ritt;1206
;2013;Hans;1;Koller;1207
;2013;Petra Therese;1;Hoegl;1208
;2013;Adolf;1;Stapfer;1209
;2013;Irmgard;1;Hoetzinger;1210
;2013;Luise;1;Hausberger;1211
;2013;Christoph;1;Maier;1212
;2013;Erwin;1;Huber;1213
;2013;Martin;1;Neumeyer;1214
;2013;Helmut;1;Radlmeier;1215
;2013;Walter;1;Taubeneder;1216
 Dr.;2013;Gerhard;1;Waschler;1217
;2013;Josef;1;Zellmeier;1218
;2013;Johanna;2;Werner-Muggendorfer;2201
;2013;Bernhard;2;Roos;2202
;2013;Ruth;2;Mueller;2203
;2013;Peter;2;Stranninger;2204
 Marion C.;2013;;2;Winter;2205
 Dr.;2013;med. vet. Bernd;2;Vilsmeier;2206
;2013;Robert;2;Sommer;2207
;2013;Andreas;2;Winterer;2208
;2013;Ewald;2;Straer;2209
;2013;Manuel;2;Dull;2210
;2013;Christian;2;Plach;2211
;2013;Bettina;2;Bloehm;2212
;2013;Udo;2;Egleder;2213
;2013;Thorsten;2;Frankenberger;2214
;2013;Martin;2;Kreutz;2215
;2013;Sebastian;2;Hutzenthaler;2216
;2013;Hannes;2;Huegle;2217
;2013;Thomas;2;Schug;2218
;2013;Hubert;3;Aiwanger;3201
;2013;Jutta;3;Widmann;3202
;2013;Alexander;3;Muthmann;3203
;2013;Ludwig;3;Waas;3204
 Dr.;2013;Georg;3;Meiski;3205
;2013;Harald;3;Hillebrand;3206
;2013;Christian;3;Lindinger;3207
;2013;Hans Christian;3;Gruenberger;3208
;2013;Diana;3;Scheibelberger;3209
;2013;Werner;3;Maier;3210
;2013;Daniel;3;Jakob;3211
;2013;Walter;3;Gibis;3212
 Dr.;2013;Hermann;3;Ebner;3213
;2013;Richard;3;Wenninger;3214
;2013;Erwin;3;Maier;3215
;2013;Tobias;3;Beck;3216
;2013;Werner;3;Lechner;3217
;2013;Jakob;3;Hirmer;3218
;2013;Rosi;4;Steinberger;4201
;2013;Eike;4;Hallitzky;4202
;2013;Sophia;4;Luettwitz;4203
;2013;Thomas;4;Mueller;4204
;2013;Sigi;4;Hagl;4205
;2013;Matthias;4;Ernst;4206
;2013;Christiane;4;Lettow-Berger;4207
;2013;Karl;4;Synek;4208
;2013;Anita;4;Karl;4209
;2013;Guenther;4;Sandmeyer;4210
;2013;Guenther;4;Reiser;4211
;2013;Josef;4;Rosner;4212
;2013;Richard;4;Zieglmeier;4213
;2013;Hans;4;Madl-Deinhart;4214
;2013;Franz;4;Anneser;4215
;2013;Wolf-Guenther;4;Bergs;4216
 Dr.;2013;Thomas;4;Kreidewei;4217
;2013;Stefan;4;Salomon;4218
;2013;Franz;8;Johann;8201
;2013;Dieter;8;Huebing;8202
;2013;Erwin;8;Soeldner;8203
;2013;Hermann;8;Bittmann;8204
;2013;Brigitte;8;Berger;8205
;2013;Franz;8;Berger;8206
;2013;Jakob;8;Lehner;8207
;2013;Herbert;8;Seitz;8208
;2013;Dietmar;8;Viertel;8209
;2013;Rupert;8;Weinzierl;8210
;2013;Franz;8;Kieninger;8211
;2013;Robert;8;List;8212
 Dr.;2013;Andreas;5;Fischer;5201
;2013;Dietrich;5;Gumppenberg Freiherr;5202
;2013;Gerhard;5;Drexler;5203
;2013;Evi;5;Knaus;5204
;2013;Andreas;5;Dittlmann;5205
;2013;Josefa;5;Schmid;5206
;2013;Christian;5;Neulinger;5207
;2013;Franz;5;Egerer;5208
;2013;Walter;5;Gasslbauer;5209
;2013;Johann;5;Haidl;5210
;2013;Sven;5;Werner;5211
;2013;Dominik;5;Heuwieser;5212
 Dr.;2013;Stephan;5;Wilms;5213
;2013;Nicole;5;Bauer;5214
 Dr.;2013;Heinz;5;Kroiss;5215
;2013;Anton;5;Holler;5216
 Dr.;2013;Renate;5;Mehringer;5217
;2013;Christian;5;Goettlinger;5218
;2013;Juergen;6;Barthel;6201
;2013;Helga;6;Karl;6202
;2013;Rolf;6;Pannicke;6203
;2013;Karl;6;Ringlstetter;6204
;2013;Wolfgang;6;Reddies;6205
;2013;Kai;6;Hofmann;6206
;2013;Stefan;6;Fleischmann;6207
;2013;Walter;6;Schmelz;6208
;2013;Reinhard;6;Zisler;6209
;2013;Ralf;6;Hengst;6210
;2013;Boris;6;Stetzuhn;6211
;2013;Peter;6;Tresnak;6212
;2013;Karlheinz;6;Esterl;6213
;2013;Michael;6;Schwikowski;6214
;2013;Bernhard;7;Suttner;7201
;2013;Agnes;7;Becker;7202
;2013;Konrad;7;Schuetzeneder;7203
 Dr.;2013;Helmut;7;Pix;7204
;2013;Lorenz;7;Heilmeier;7205
;2013;Annette;7;Setzensack;7206
;2013;Katharina;7;Lirsch;7207
;2013;Renate;7;Ruhland;7208
;2013;Paul;7;Kastner;7209
;2013;Georg;7;Dasch;7210
;2013;Hans-Peter;7;Kirmis;7211
;2013;Franz-Xaver;7;Lechner;7212
;2013;Alois;7;Aigner;7213
;2013;Ferdinand;7;Hackelsperger;7214
;2013;Ingrid;7;Ohly;7215
;2013;Franz;7;Grosser;7216
 Dr.;2013;Rudolf;7;Ritt;7217
;2013;Christian;7;Kerschl;7218
;2013;Sascha Alfred;9;Romueller;9201
;2013;Alfred;9;Steinleitner;9202
;2013;Franz;9;Salzberger;9203
;2013;Peter Joachim Bruno;9;Haese;9204
;2013;Otto Michael;9;Freimuth;9205
;2013;Wolfgang;9;Rochner;9206
;2013;Georg;9;Helml;9207
;2013;Uwe;9;Heinze;9208
;2013;Bettina;9;Romueller;9209
;2013;Helmuth Johann;9;Blach;9210
;2013;Rudolf Martin;9;Dorn;9211
;2013;Adolf;9;Weber;9212
;2013;Richard;9;Prentner;9213
;2013;Rolf Helmut Wilhelm;9;Fuetterer;9214
;2013;Klaus-Dieter Martin;9;Eichholz;9215
;2013;Annemarie;9;Salzberger;9216
;2013;Fritz;10;Zirngibl;10201
;2013;Hans;10;Kapfer;10202
;2013;Anton;10;Maller;10203
;2013;Hans-Juergen;10;Mueller;10204
;2013;Josef;10;Hermann;10205
;2013;Erwin;10;Beck;10206
;2013;Thomas;10;Heilmeier;10207
;2013;Ludwig;10;Bindhammer;10208
;2013;Hartwin;10;Kuchler;10209
;2013;Harald-Ingo;10;Bredow von;10210
;2013;Robert;10;Neuhauser;10211
;2013;Helmut;10;Ettl;10212
;2013;Karl;10;Schedlbauer;10213
;2013;Maria;10;Ritzke;10214
;2013;Robert;10;Schuder;10215
;2013;Kathrin;10;Kaufmann;10216
;2013;Max;10;Hackinger;10217
;2013;Florian;10;Thurmeier;10218
;2013;Otto;11;Pittner;11201
;2013;Heide-Marie;11;Weiherer;11202
;2013;Guido;11;Valentini;11203
;2013;Heiko;11;Schumann;11204
;2013;Florian Thomas;11;Straer;11205
;2013;Jiri;11;Cihula;11206
;2013;Guenter;11;Goerlich;11207
;2013;Maximilian;11;Seifert;11208
;2013;Jan;11;Kastner;11209
;2013;Michael;11;Ecker;11210
;2013;Alois;11;Lichtmannecker;11211
;2013;Christian;11;Reidel;11212
;2013;Simon;11;Freund;11213
;2013;Sebastian;11;Schwarzweller;11214
;2013;Frederik;11;Fleischman;11215
;2013;Matthias;11;Zehe;11216
;2013;Franz;2;Schindler;2301
;2013;Annette;2;Karl;2302
;2013;Reinhold;2;Strobl;2303
;2013;Margit;2;Wild;2304
;2013;Rainer;2;Hummel;2305
;2013;Carolin;2;Braun;2306
;2013;Berthold;2;Kellner;2307
;2013;Claudia;2;Zimmermann;2308
;2013;Sebastian;2;Meier;2309
;2013;Ursula;2;Hildebrand;2310
;2013;Reiner;2;Gaebl;2311
;2013;Evi;2;Thanheiser;2312
;2013;Andreas;2;Gabler;2313
 Dr.;2013;Klaus;2;Rappert;2314
;2013;Ulrich;2;Roth;2315
 Dr.;2013;Armin;2;Rueger;2316
;2013;Tanja;3;Schweiger;3301
 Dr.;2013;Karl;3;Vetter;3302
;2013;Joachim;3;Hanisch;3303
;2013;Hans;3;Gerngro;3304
;2013;Ely;3;Eibisch;3305
;2013;Ludwig;3;Artinger;3306
;2013;Alois;3;Frank;3307
 Dr.;2013;Silke;3;Schinhammer;3308
;2013;Peter;3;Dotzler;3309
;2013;Peter;3;Neumeier;3310
 Dr.;2013;Walter;3;Boeckh;3311
;2013;Manuela;3;Podewils von;3312
;2013;Manfred;3;Ploener;3313
;2013;Sieglinde;3;Hollweck;3314
;2013;Johann;3;Stangl;3315
;2013;Harald;3;Stadler;3316
;2013;Emilia;1;Mueller;1301
;2013;Susanne;1;Hierl;1302
;2013;Julia;1;Thoma;1303
;2013;Elisabeth;1;Popp;1304
;2013;Matthias;1;Beer;1305
;2013;Stefan;1;Ott;1306
;2013;Dagmar;1;Nachtigall;1307
;2013;Alexandra;1;Glufke-Boehm;1308
;2013;Petra;1;Dettenhoefer;1309
;2013;Alexander;1;Flierl;1310
;2013;Albert;1;Fueracker;1311
 Dr.;2013;Gerhard;1;Hopp;1312
;2013;Tobias;1;Rei;1313
 Dr.;2013;Franz;1;Rieger;1314
 Dr.;2013;Harald;1;Schwartz;1315
;2013;Sylvia;1;Stierstorfer;1316
;2013;Juergen;4;Mistol;4301
;2013;Heidrun;4;Schelzke-Deubzer;4302
;2013;Elisabeth;4;Bauer;4303
;2013;Hans-Juergen;4;Bumes;4304
;2013;Brigitte;4;West;4305
 Dr.;2013;Roland;4;Schlusche;4306
;2013;Sonja;4;Schuhmacher;4307
;2013;Stefan;4;Christoph;4308
;2013;Hannelore;4;Baumann;4309
;2013;Beate;4;Schneider;4310
;2013;Johanna;4;Stehrenberg;4311
 Dr.;2013;Eva;4;Schropp;4312
;2013;Margit;4;Kunc;4313
;2013;Markus;4;Krammer;4314
;2013;Marion;4;Juniec-Moeller;4315
;2013;Elisabeth;4;Rauh;4316
;2013;Ulrich;5;Lechte;5301
;2013;Christoph;5;Skutella;5302
;2013;Reinhard;5;Ott;5303
;2013;Hans;5;Pietz;5304
;2013;Petra;5;Gruber;5305
;2013;Reinhard;5;Kremser;5306
;2013;Thomas;5;Dischinger;5307
;2013;Josef;5;Fries;5308
;2013;Sebastian;5;Pauly;5309
;2013;Kilian;5;Taubmann;5310
;2013;Michael;5;Streibl;5311
;2013;Roman;5;Salzer;5312
;2013;Manfred;5;Musil;5313
;2013;Lukas;5;Meyer;5314
;2013;Elisabeth;5;Schreml;5315
;2013;Enrico;5;Pomsel;5316
;2013;Heidi;6;Kaschner;6301
;2013;Gabriele;6;Braun;6302
;2013;Viera;6;Faerber;6303
;2013;Boris;6;Rutenberg;6304
;2013;Wolfgang;6;Berndt;6305
;2013;Peter;6;Moll;6306
;2013;Siegfried;6;Stoiber;6307
;2013;Martin;6;Bolchovitinov;6308
;2013;Norbert;6;Finsterer;6309
;2013;Klaus;7;Mrasek;7301
;2013;Arnold;7;Kimmerl;7302
 Dr.;2013;Barbara;7;Kindl;7303
;2013;Astrid;7;Lamby;7304
 Dr.;2013;Reinhard;7;Eroes;7305
;2013;Sepp;7;Riederer;7306
;2013;Josef;7;Neumeyer;7307
;2013;Theresia;7;Kunz;7308
;2013;Ursula;7;Schindler;7309
;2013;Alfred Johann;7;Strohmeier;7310
;2013;Rita;7;Wiesend;7311
 Dr.;2013;Christian;7;Schmid;7312
;2013;Claudia;7;Wiest;7313
;2013;Adolf;7;Winter;7314
;2013;Richard;7;Lausser;7315
;2013;Franz;7;Badura;7316
;2013;Roland;8;Loew;8301
;2013;Fritz;8;Amann;8302
;2013;Robert;8;Lederer;8303
;2013;Otto;8;Hofmeister;8304
;2013;Horst;8;Schaeffer;8305
;2013;Manfred;8;Wanninger;8306
;2013;Reinhard;8;Michl;8307
;2013;Karl;8;Meixner;8308
;2013;Heidrich;9;Klenhart;9301
;2013;Patrick;9;Schroeder;9302
;2013;Mario;9;Schebeske;9303
;2013;Karin;9;Machner;9304
;2013;Guenter;9;Huger;9305
;2013;Harald;9;Merl;9306
;2013;Michael;9;Meier;9307
;2013;Franz Xaver;9;Riehl;9308
;2013;Leo;10;Baeumler;10301
;2013;Konrad;10;Silberhorn;10302
;2013;Christine;10;Volkholz;10303
;2013;Reinhard;10;Grabinger;10304
;2013;Werner;10;Suttner;10305
;2013;Fritz;10;Witt;10306
;2013;Georg;10;Wei;10307
;2013;Markus;10;Mrozek;10308
;2013;Peter;10;Eberhardt;10309
;2013;Alois;10;Gral;10310
;2013;Helga;10;Pongratz;10311
;2013;Erich;10;Schramm;10312
;2013;Max;10;Zierl;10313
;2013;Lothar;10;Sinnesbichler;10314
;2013;Alois;10;Spaeth;10315
;2013;Peter;10;Karl;10316
;2013;Benedikt;11;Pirk;11301
;2013;Thoralf;11;Will;11302
;2013;Mark;11;Huger;11303
;2013;Anna;11;Widiger;11304
;2013;Ansgar;11;Hon;11305
;2013;Dominique;11;Pohlenk;11306
;2013;Klaus Christian;11;Allgaeuer;11307
;2013;Alexander;11;Ferstl;11308
;2013;Thomas;11;Prueter;11309
;2013;Marco;11;Kellner;11310
;2013;Peter;11;Lang;11311
;2013;Klaus-Peter;11;Moeller;11312
;2013;Dennis;11;Lauton;11313
;2013;Markus;11;Schuetz;11314
 Dr.;2013;Walter;11;Laaser;11315
;2013;Melanie;1;Huml;1401
;2013;Ludwig;1;Lerchenfeld Freiherr;1402
;2013;Alexander;1;Koenig;1403
;2013;Heinrich;1;Rudrof;1404
;2013;Gudrun;1;Brendel-Fischer;1405
 Juergen W.;2013;;1;Heike;1406
;2013;Martin;1;Schoeffel;1407
;2013;Hermann;1;Greif;1408
;2013;Holger;1;Then;1409
 Dr.;2013;Michael;1;Hohl;1410
;2013;Marion;1;Link;1411
;2013;Michael;1;Hofmann;1412
;2013;Stephan;1;Czepluch;1413
;2013;Ren;1;Boldt;1414
;2013;Juergen;1;Baumgaertner;1415
;2013;Christian;1;Rose;1416
;2013;Inge;2;Aures;2401
 Dr.;2013;Christoph;2;Rabenstein;2402
;2013;Susann;2;Biedefeld;2403
;2013;Klaus;2;Adelt;2404
 Dr.;2013;Ralf;2;Pohl;2405
;2013;Reiner;2;Buettner;2406
;2013;Felix;2;Holland;2407
;2013;Reinhard;2;Schmid;2408
;2013;Anita;2;Kern;2409
;2013;Aytunc;2;Kilincsoy;2410
;2013;Yasmin;2;Birk;2411
;2013;Carsten;2;Hoellein;2412
;2013;Hildegard;2;Halm-Goetz;2413
;2013;Stefan;2;Goecking;2414
;2013;Harald;2;Konietzko;2415
;2013;Oliver;2;Winkelmaier;2416
;2013;Peter;3;Meyer;3401
;2013;Thorsten;3;Glauber;3402
;2013;Martin;3;Baumgaertner;3403
;2013;Sebastian;3;Herter;3404
;2013;Juergen;3;He;3405
;2013;Hans-Joachim;3;Lieb;3406
;2013;Maria;3;Lampl;3407
;2013;Georg;3;Kestler;3408
;2013;Elisabeth;3;Simmerlein;3409
;2013;Tino;3;Vetter;3410
;2013;Helmut;3;Kormann;3411
;2013;Rainer;3;Ott;3412
 Dr.;2013;Klaus;3;Stetten von;3413
;2013;Ulrike;4;Gote;4401
;2013;Karl;4;Waldmann;4402
;2013;Ursula;4;Sowa;4403
;2013;Bernd;4;Lauterbach;4404
;2013;Christine;4;Schoerner;4405
;2013;Andreas;4;Loesche;4406
;2013;Brigitte;4;Artmann;4407
;2013;Helmut;4;Wesolek;4408
;2013;Magdalena;4;Mayer;4409
;2013;Wilfried;4;Kukla;4410
 Dr.;2013;Annette;4;Prechtel;4411
 Dr.;2013;Klaus;4;Schrader;4412
;2013;Edith;4;Memmel;4413
;2013;Klaus;4;Fischer;4414
;2013;Martina;4;Benzel-Weyh;4415
;2013;Andreas;4;Heberg von;4416
;2013;Thomas;5;Hacker;5401
;2013;Thomas;5;Nagel;5402
;2013;Bjoern;5;Cukrowski;5403
;2013;Martin;5;Poehner;5404
;2013;Christian;5;Joachim;5405
;2013;Robert;5;Fritsch;5406
;2013;Jens-Uwe;5;Peter;5407
;2013;Patrick;5;Schroll;5408
 Dr.;2013;Thomas;5;Hahn;5409
;2013;Marcel;5;Schwemmlein;5410
;2013;Christoph;5;Brandt;5411
;2013;Margit;5;Drechsler;5412
;2013;Christoph;5;Doetzer;5413
 Dr.;2013;Dieter;5;Schweingel;5414
;2013;Peter;5;Froeschmann;5415
;2013;Carsten;5;Aumann;5416
;2013;Petra;6;Haehnlein;6401
;2013;Ralph;6;Herrmann;6402
;2013;Christa;6;Meist;6403
;2013;Thomas;6;Etzel;6404
;2013;Hannelore;6;Decker;6405
;2013;Klaus Bruno;6;Engelhardt;6406
;2013;Inge;6;Haehnlein;6407
;2013;Wolfgang;6;Meffert;6408
;2013;Brigitte;6;Blank;6409
;2013;Jens-Uwe;6;Frosch;6410
;2013;Mandy;6;Kissinger;6411
;2013;Dirk;6;Eickels;6412
;2013;Eckhard;6;Sabarth;6413
;2013;Oliver;6;Giel;6414
;2013;Martin;7;Eichler;7401
 Dr.;2013;-Ing. Klaus;7;Klumpers;7402
;2013;Thomas;7;Mueller;7403
;2013;Susanne;7;Batz;7404
;2013;Bernd;7;Runge;7405
 Dr.;2013;Peter;7;Hiltner;7406
;2013;Ehrenfried;7;Bittermann;7407
;2013;Roger;7;Kuchenreuther;7408
;2013;Michael;7;Kolb;7409
;2013;Tanja;7;Och;7410
;2013;Bernd;7;Koppe;7411
;2013;Ralf;7;Duppel;7412
;2013;Raphael;7;Grimm;7413
;2013;Hanna;7;Boehm;7414
;2013;Heidi;7;Raedlein;7415
;2013;Hans;7;Deuerling;7416
;2013;Gerd;8;Meyer;8401
;2013;Baerbel;8;Herr;8402
;2013;Bruno;8;Gruener;8403
;2013;Gerd;8;Herr;8404
;2013;Joseph;8;Lorenz;8405
;2013;Detlef;8;Scharf;8406
;2013;Lorenz;8;Baier;8407
;2013;Rainer;8;Krause;8408
;2013;Axel;9;Michaelis;9401
;2013;Johannes;9;Huehnlein;9402
;2013;Dietmar;9;Doering;9403
;2013;Sven;9;Diem;9404
;2013;Winfried;9;Breu;9405
;2013;Hermann;9;Schwede;9406
;2013;Harald;9;Bestehorn;9407
;2013;Moroni;9;Blankenburg;9408
;2013;Matthias;10;Gerbig;10401
;2013;Thomas;10;Kieling;10402
;2013;Melanie;10;Hummel;10403
;2013;Martin;10;Dempert;10404
;2013;Thomas-Michael;10;Schneider;10405
;2013;Markus;10;Roppelt;10406
;2013;Adrian;10;Braun;10407
;2013;Gunther;10;Sedlmeyer;10408
;2013;Thomas;10;Dotzler;10409
;2013;Alfred;10;Ehret;10410
;2013;Thomas;10;Heinrich;10411
;2013;Hannelore;10;Hertrich-Morgeneier;10412
;2013;Gerhard;10;Keilholz;10413
;2013;Thomas;10;Schrepfer;10414
;2013;Frank;10;Suck;10415
;2013;Juergen;10;Wagner;10416
;2013;Maria;11;Gerstner;11401
;2013;Christine;11;Zenk;11402
;2013;Petra;11;Koestner;11403
;2013;Maria;11;Bauer;11404
;2013;Verena;11;Alt;11405
;2013;Barbara;11;Heinlein;11406
;2013;Ute;11;Popp;11407
;2013;Hedwig;11;Schnappauf;11408
;2013;Hannelore;11;Foerster;11409
;2013;Petra;11;Mueller-Trunk;11410
;2013;Beate;11;Schmidt;11411
;2013;Heidemarie;11;Heubach;11412
;2013;Gabriele;11;Petersam;11413
;2013;Rosl;11;Schulze;11414
;2013;Ulrike;11;Karsuntke;11415
;2013;Stefanie;11;Weschenfelder;11416
;2013;Heike;12;Fuchs;12401
;2013;Uwe;12;Metzner;12402
;2013;Holger;12;Hoffmann;12403
;2013;Joerg;12;Bischof;12404
;2013;Peter;12;Loskarn;12405
;2013;Georg Dieter;12;Ludwig;12406
;2013;Helmut;12;Laertz;12407
;2013;Andreas;12;Merkel;12408
;2013;Stefan;12;Fuchs;12409
;2013;Stefan;12;Konrad;12410
;2013;Friedrich;12;Thoma;12411
;2013;Horst;12;Dressendoerfer;12412
;2013;Hartmut;12;Behm;12413
;2013;Joachim;1;Herrmann;1501
 Dr.;2013;Markus;1;Soeder;1502
;2013;Petra;1;Guttenberger;1503
;2013;Hans;1;Herold;1504
;2013;Karl;1;Freller;1505
;2013;Christine;1;Froehlich-Mueller;1506
;2013;Andreas;1;Schalk;1507
;2013;Hermann;1;Imhof;1508
;2013;Juergen;1;Stroebel;1509
;2013;Julia;1;Latson;1510
;2013;Norbert;1;Duenkel;1511
;2013;Tobias;1;Winkler;1512
;2013;Walter;1;Nussel;1513
;2013;Michael;1;Brueckner;1514
;2013;Sonja;1;Brandenstein;1515
;2013;Volker;1;Bauer;1516
;2013;Manuel;1;Westphal;1517
;2013;Gabriele;1;Lay;1518
;2013;Ingmar;1;Schellhas;1519
;2013;Guenther;1;Felner;1520
;2013;Christine;1;Kanczarek;1521
;2013;Oliver;1;Hoellriegl;1522
;2013;Gerhard;1;Schmidt;1523
;2013;Alisa;1;Hergenroeder;1524
;2013;Helga;2;Schmitt-Bussinger;2501
;2013;Stefan;2;Schuster;2502
;2013;Angelika;2;Weikert;2503
;2013;Horst;2;Arnold;2504
;2013;Alexandra;2;Hiersemann;2505
;2013;Ernst;2;Bergmann;2506
;2013;Harald;2;Doesel;2507
;2013;Sven;2;Ehrhardt;2508
;2013;Norbert;2;Dumler;2509
;2013;Harry;2;Scheuenstuhl;2510
;2013;Philipp;2;Dees;2511
;2013;Arif;2;Tasdelen;2512
;2013;Irmgard;2;Nagel;2513
;2013;Edwin;2;Krug;2514
;2013;Katja;2;Sei de Caicedo;2515
;2013;Benjamin;2;Beringer;2516
;2013;Barbara;2;Weidinger;2517
;2013;Benjamin;2;Kieling;2518
;2013;Mariana;2;Alexie;2519
;2013;Joerg;2;Sussmann;2520
;2013;Katrin;2;Hurle;2521
;2013;Herbert;2;Doetschel;2522
;2013;Ourania;2;Lagoutou;2523
;2013;Nadine;2;Segert;2524
 Dr.;2013;Peter;3;Bauer;3501
;2013;Hermann;3;Kratzer;3502
 Dr.;2013;Andreas;3;Tiedtke;3503
;2013;Patrick;3;Prell;3504
;2013;Gabi;3;Schmidt;3505
;2013;Franz Xaver;3;Forman;3506
;2013;Juergen;3;Doerfler;3507
;2013;Wolfgang;3;Hauber;3508
;2013;Christian;3;Huber;3509
 Dr.;2013;Gunther;3;Moll;3510
;2013;Alexander;3;Schenkel;3511
;2013;Angelika;3;Feisthammel;3512
;2013;Rainer;3;Wei;3513
;2013;Edith;3;Stumpf;3514
;2013;Melanie;3;Hack;3515
;2013;Sonja;3;Moeller;3516
;2013;Heidi;3;Lau;3517
 Dr.;2013;Manfred;3;Welker;3518
;2013;Thomas;3;Sturm;3519
;2013;Marc;3;Zander;3520
 Dr.;2013;Otfried;3;Bihler;3521
;2013;Hans-Carl;3;Rathjen;3522
;2013;Armin;3;Ferber;3523
;2013;Sandra;3;Schuller;3524
;2013;Verena;4;Osgyan;4501
;2013;Martin;4;Stuempfig;4502
;2013;Marianne;4;Schwaemmlein;4503
;2013;Markus;4;Ganserer;4504
;2013;Julia;4;Bailey;4505
;2013;Elmar;4;Hayn;4506
;2013;Karin;4;Dobbert;4507
;2013;Tilman;4;Kuhl;4508
;2013;Brigitte;4;Dittrich;4509
;2013;Norbert;4;Schikora;4510
;2013;Renate;4;Peiffer;4511
;2013;Helmut;4;Wening;4512
;2013;Monika;4;Gaubitz;4513
;2013;Dirk;4;Sauer;4514
;2013;Cornelia;4;Thomas;4515
;2013;Celal;4;Turhan;4516
;2013;Sabine;4;Oerter;4517
;2013;Uwe;4;Dueker;4518
;2013;Britta;4;Walthelm;4519
;2013;Karin;4;Holluba-Rau;4520
;2013;Andrea;4;Friedel;4521
;2013;Jutta;4;Deinbeck;4522
 Dr.;2013;Ursula;4;Burkhardt;4523
;2013;Andreas;4;Hofmann;4524
;2013;Joerg;5;Rohde;5501
;2013;Katja;5;Hessel;5502
;2013;Andreas;5;Neuner;5503
;2013;Thomas;5;Peter;5504
;2013;Agnes;5;Meier;5505
 Utz W.;2013;;5;Ulrich;5506
;2013;Alexander;5;Hanel;5507
;2013;Lars;5;Kittel;5508
;2013;Stefan;5;Will;5509
;2013;Lothar;5;Anacker;5510
;2013;Franz;5;Kelch;5511
 Dr.;2013;Jan;5;Dunker;5512
 Dr.;2013;Walburga;5;Kumar;5513
 Prof.;2013;Dr. Christoph;5;Eipper;5514
;2013;Guido;5;Kramer;5515
;2013;Ruediger;5;Silberer;5516
;2013;Pierre;5;Horrolt;5517
;2013;Manfred;5;Guenzel;5518
;2013;Sebastian;5;Meding von;5519
;2013;Gabriele;5;Bartram;5520
;2013;Christine;5;Scheler;5521
;2013;Helmut;5;Schallock;5522
;2013;Michael;5;Dassler;5523
;2013;Laszlo;5;Riedl;5524
;2013;Ulrich;6;Schoenwei;6501
;2013;Nicole;6;Frank;6502
;2013;Cornelia;6;Reimann;6503
;2013;Anton;6;Salzbrunn;6504
;2013;Monika;6;Gottwald;6505
;2013;Hans-Joachim;6;Ehnes;6506
;2013;Mechthild;6;Greim;6507
;2013;Stefan;6;Gerbig;6508
;2013;Gabriele;6;Stadlbauer;6509
;2013;Zeki;6;zcan;6510
;2013;Angelika;6;Luedemann;6511
 Dr.;2013;Peter;6;Lefrank;6512
;2013;Ates;6;Guerpinar;6513
;2013;Henry;6;Foerster;6514
;2013;Taylan;6;zen;6515
;2013;Sebastian;6;Pfahler;6516
;2013;Arno;6;Huber;6517
;2013;Stefan;6;Stroheker;6518
;2013;Werner;6;Schaefer;6519
;2013;Heinz;6;Gruber;6520
;2013;Guenther;6;Schedel-Gschwendtner;6521
;2013;Heinz;6;Rettlinger;6522
;2013;Eckart;6;Wangerin;6523
;2013;Alfred Georg;6;Escherich;6524
;2013;Manuela;7;Forster;7501
;2013;Juergen;7;Osterlaenger;7502
;2013;Reinhard;7;Ebert;7503
;2013;Manfred;7;Reinhart;7504
;2013;Eilin;7;Hermann;7505
;2013;Roland;7;Wolkersdorfer;7506
;2013;Christian;7;Stadelmann;7507
;2013;Juergen;7;Schilling;7508
;2013;Frank;7;Jaeger;7509
;2013;Daniela;7;May;7510
;2013;Carsten;7;Schmotz;7511
;2013;Maximilian;7;Gruber;7512
;2013;Thomas;7;Schrollinger;7513
 Dr.;2013;Hermann;7;Schweiger;7514
;2013;Christian;7;Ullmann;7515
;2013;Mario;7;Kunz;7516
;2013;Simon;7;Scherer;7517
 Dr.;2013;Astrid;7;Blumenthal von;7518
;2013;Heinrich;7;Vitzthum;7519
;2013;Werner;7;Forstmeier;7520
;2013;Margit;7;Kleemann;7521
;2013;Zita;7;Schmotz;7522
;2013;Norbert;7;Mueller;7523
;2013;Werner;7;Mayer;7524
;2013;Robert;8;Rumbucher;8501
;2013;Peter;8;Krauthansl;8502
;2013;Philip;8;Zwittmeier;8503
;2013;Andreas;8;Schulze;8504
;2013;Harald;8;Schumann;8505
;2013;Jan;8;Farhad;8506
;2013;Anton;8;Gruener;8507
;2013;Robert;8;Holler;8508
;2013;Oliver;8;Wamann;8509
;2013;Horst;8;Hegeler;8510
;2013;Alfred;8;Reif;8511
;2013;Susanne;8;Staszewski;8512
;2013;Sonja;8;Nagler;8513
;2013;Manfred;8;Kitzberger;8514
;2013;Kai;8;Kroeger;8515
;2013;Beate;8;Hegeler;8516
;2013;Heinz;8;Pflaumer;8517
;2013;Walter;8;Pattas;8518
;2013;Friedrich;8;Meyer;8519
;2013;Volker;8;Nagler;8520
;2013;Anja;8;Staszewski;8521
;2013;Werner;8;Endres;8522
;2013;Sven;8;Gretzbach;8523
;2013;Gabriele;8;Jordan;8524
;2013;Ralf;9;Ollert;9501
;2013;Richard;9;Vahlberg;9502
;2013;Tristan;9;Meise;9503
;2013;Michael;9;Hei;9504
;2013;Sandra;9;Ruebel;9505
;2013;Gerhard;9;Schelle;9506
;2013;Richard;9;Mayr;9507
;2013;Doreen;9;Langen;9508
;2013;Christine;9;Rorich;9509
;2013;Marco;9;Reeb;9510
;2013;Sigurd;9;Engelmann;9511
;2013;Torsten;9;Steinbeck;9512
;2013;Vaclav;10;Cerveny;10501
;2013;Heidi;10;Abele-Kloha;10502
;2013;Lars;10;Gerken;10503
;2013;Beate;10;Haskic;10504
;2013;Theodor;10;Matschewsky;10505
;2013;Michael;10;Brendecke;10506
;2013;Mike;10;Fifeick;10507
;2013;Harald;10;Grimke;10508
;2013;Inge;10;Henck-Wagler;10509
;2013;Manfred;10;Kral;10510
;2013;Reiner;10;Loos;10511
;2013;Josef;10;Mauderer;10512
;2013;Guenther;10;Egner;10513
;2013;Elvira;10;Enderl;10514
;2013;Juergen;10;Fischer;10515
;2013;Bettina;10;Graf;10516
;2013;Ellen;10;Kern-Herakovic;10517
;2013;Horst;10;Schleicher;10518
;2013;Fatimah;10;Stohanzl;10519
;2013;Klaus;10;Theuerkaufer;10520
;2013;Alexander;10;Tudyka;10521
;2013;Thomas;10;Weigand;10522
;2013;Achmed;10;Haskic;10523
;2013;Elisabeth;10;Loos;10524
;2013;Robert;11;Gattenloehner;11501
;2013;Andreas;11;Brandl;11502
;2013;Marco;11;Dorsch;11503
;2013;Karola;11;Kistler;11504
;2013;Christian;11;Nikol;11505
;2013;Klaus;11;Sommerkorn;11506
;2013;Martin;11;Wagner;11507
;2013;Ernst;11;Weiner;11508
;2013;Hedwig;11;Bosch-Armbruester;11509
;2013;Juergen;11;Schroeder;11510
;2013;Tobias;11;Burkert;11511
;2013;Elke;11;Gattenloehner;11512
;2013;Regina;11;Raber;11513
;2013;Brigitte;11;Winter-Kretschmar;11514
;2013;David;11;Bartlitz;11515
;2013;Fritz;11;Winter;11516
;2013;Martin;11;Bein;11517
;2013;Franz;11;Gsaenger;11518
;2013;Emanuel;12;Kotzian;12501
;2013;Christina;12;Grandrath;12502
;2013;Dominik;12;Kegel;12503
;2013;Astrid;12;Semm;12504
;2013;Christian;12;Kubisch;12505
;2013;Karoline;12;Stiefel;12506
;2013;Hilmar;12;Vogel;12507
;2013;Dieter;12;Moehrlein;12508
;2013;David;12;Beck;12509
;2013;Florian;12;Betz;12510
;2013;Henning;12;Bocklage;12511
;2013;Frank;12;Be;12512
;2013;Raphael;12;Rosenberg;12513
;2013;Moritz;12;Michelson;12514
;2013;Oliver;12;Doerflein;12515
;2013;Susanne;12;Winter;12516
;2013;Martin;12;Heidingsfelder;12517
;2013;Martin;12;Karch;12518
;2013;Siegfried;12;Schueller;12519
 Dr.;2013;Tilko;12;Dietert;12520
;2013;Alexander;12;Wunschik;12521
;2013;Matthias;12;Windisch;12522
;2013;Tobias;12;Rudert;12523
;2013;Markus;12;Herrmann;12524
;2013;Barbara;1;Stamm;1601
;2013;Gerhard;1;Eck;1602
;2013;Josef;1;Demar;1603
;2013;Martin;1;Wende;1604
;2013;Judith;1;Gerlach;1605
;2013;Friedel;1;Heckenlauer;1606
;2013;Maria;1;Homann;1607
;2013;Frank;1;Houben;1608
;2013;Burkhard;1;Klein;1609
;2013;Sorya-Leonie;1;Lippert;1610
;2013;Karin;1;Passow;1611
 Prof.;2013;Dr. Winfried;1;Bausback;1612
 Dr.;2013;Otto;1;Huennerkopf;1613
;2013;Oliver;1;Joerg;1614
;2013;Sandro;1;Kirchner;1615
;2013;Manfred;1;Laendner;1616
;2013;Berthold;1;Rueth;1617
;2013;Thorsten;1;Schwab;1618
;2013;Steffen;1;Vogel;1619
;2013;Peter;1;Winter;1620
;2013;Volkmar;2;Halbleib;2601
;2013;Martina;2;Fehlner;2602
;2013;Harald;2;Schneider;2603
;2013;Kathi;2;Petersen;2604
;2013;Matthias;2;Kihn;2605
;2013;Doris;2;Aschenbrenner;2606
;2013;Georg;2;Rosenthal;2607
;2013;Eva;2;Trageser-Heininger;2608
;2013;Thorsten;2;Meyerer;2609
 Dr.;2013;Robert;2;Roemmelt;2610
;2013;Nina;2;Stickler;2611
;2013;Sebastian;2;Reuter;2612
;2013;Andr;2;Pfannenschmidt;2613
;2013;Niyazi;2;Akay;2614
;2013;Robert;2;Finster;2615
;2013;Helmut;2;Dietz;2616
;2013;Kai;2;Niklaus;2617
;2013;Dirk;2;Mehrlich;2618
;2013;Rafael;2;Herbrik;2619
;2013;Fabian;2;Liegmann;2620
 Dr.;2013;Hans Juergen;3;Fahn;3601
;2013;Guenther;3;Felbinger;3602
 Dr.;2013;Susanne;3;Knof;3603
;2013;Gerald;3;Pittner;3604
;2013;Bernd;3;Schoetterl;3605
;2013;Adolf;3;Schoen;3606
;2013;Hans-Juergen;3;Weber;3607
;2013;Dennis;3;Newald;3608
;2013;Reimar;3;Glueckler;3609
;2013;Richard;3;Wagner;3610
;2013;Alfred;3;Zenger;3611
;2013;Edwin;3;Hulein;3612
;2013;Ulrike;3;Hahn;3613
;2013;Christoph;3;Winkler;3614
;2013;Dagmar;3;Pfister;3615
;2013;Stefan;3;Labus;3616
;2013;Irmgard;3;Seifert;3617
;2013;Johann;3;Schlowack;3618
;2013;Roland;3;Eckert;3619
;2013;Michael;3;Mueller;3620
;2013;Kerstin;4;Celina;4601
;2013;Thomas;4;Muetze;4602
;2013;Eva;4;Pumpurs;4603
;2013;Patrick;4;Friedl;4604
;2013;Ayfer;4;Fuchs;4605
;2013;Gerhard;4;Kraft;4606
;2013;Astrid;4;Stuellein;4607
;2013;Matthias;4;Lewin;4608
;2013;Hannelore;4;Kreuzer;4609
;2013;Rafiq;4;Iqbal;4610
;2013;Birgit;4;Zirkelbach;4611
;2013;Joachim;4;Schneider;4612
;2013;Bettina;4;Eisert;4613
;2013;Sylvia;4;Hein;4614
;2013;Christa;4;Buettner;4615
;2013;Armin;4;Beck;4616
;2013;Sylvia;4;Deckert;4617
;2013;Peter;4;Liczewski;4618
;2013;Sabine;4;Steinisch;4619
;2013;Gustav;4;Tietze;4620
;2013;Karsten;5;Klein;5601
;2013;Berthold;5;Haustein;5602
 Dr.;2013;Heinz;5;Linduschka;5603
;2013;Hartmut;5;Rausch;5604
 Dr.;2013;Hans-Joachim;5;Hofstetter;5605
 Dr.;2013;Thomas;5;Domanig;5606
;2013;Robert;5;Wuerll-Hoerning;5607
;2013;Hendrik;5;Lindemann;5608
;2013;Hans;5;Mueller;5609
 Dr.;2013;Michael;5;Panzer;5610
;2013;Hanns Martin;5;Truchse von Wetzhaus;5611
;2013;Karl;5;Graf;5612
;2013;Georg;5;Schulte;5613
;2013;Kerstin;5;Goetz;5614
;2013;Juergen;5;Wieczorek;5615
;2013;Laura;5;Wamprecht;5616
;2013;Steffen;5;Kraemer;5617
;2013;Georg;5;Wiederer;5618
;2013;Joerg;5;Reinmuth;5619
;2013;Wolfgang;5;Kuhl;5620
;2013;Steffen;7;Scholz;7601
;2013;Bianca;7;Troege;7602
;2013;Dagmar;7;Dewald;7603
;2013;Klemens;7;Albert;7604
;2013;Walther;7;Peeters;7605
;2013;Doris;7;Hueben-Holomos;7606
;2013;Helmut;7;Schmidt;7607
;2013;Bernhard;7;Schmitt;7608
;2013;Monika;7;Wick;7609
;2013;Michaela;7;Schwab;7610
;2013;Rainer;7;Baumgaertner;7611
;2013;Karola;7;Trump;7612
;2013;Ulrich;7;Frey;7613
;2013;Ursula;7;Stuermer;7614
;2013;Raimund;7;Binder;7615
;2013;Georg;7;Grund;7616
;2013;Imma;7;Kelly-Probst;7617
;2013;Jens;7;Pauluhn;7618
;2013;Anna-Elisabeth;7;Schicker;7619
;2013;Manfred;7;Reis;7620
;2013;Ali Mursa;6;Tas;6601
;2013;Christine;6;Finze;6602
;2013;Angelika;6;Strobel;6603
;2013;Ibrahim;6;Veziroglu;6604
;2013;Wolfgang;6;Ziller;6605
;2013;Georg;6;Liebl;6606
;2013;Gotthard;6;Greb;6607
;2013;Werner;6;Reutlinger;6608
;2013;Dieter;6;Lemmink;6609
;2013;Jurij;6;Doernhoefer;6610
;2013;Peter;6;Siedler;6611
;2013;Berthold;8;Seifert;8601
;2013;Richard;8;Graupner;8602
;2013;Juergen;8;Langanki;8603
;2013;Uwe;8;Schmittner;8604
;2013;Hans-Joachim;8;Hebling;8605
;2013;Sebastian;8;Madeiski;8606
;2013;Monika;8;Ewert;8607
;2013;Holger;8;Bendel;8608
;2013;Michael;8;Kuenzel;8609
;2013;Walter;8;Goebel;8610
;2013;Ernst-Alfred;8;Kienast;8611
;2013;Edeltraud;8;Wiebe;8612
;2013;Albert;8;Hohmann;8613
;2013;Reinhart;8;Sommer;8614
;2013;Corinna;8;Bendel;8615
;2013;Kurt;8;Broenner;8616
;2013;Karl;8;Hahn;8617
;2013;Manfred;8;Wehr;8618
;2013;Karl;8;Wagner;8619
;2013;Ernst;8;Smazal;8620
;2013;Uwe;9;Hartmann;9601
;2013;Stefan;9;Elbert;9602
;2013;Uta;9;Gilbert;9603
;2013;Guenter;9;Gro;9604
;2013;Gisela;9;Grimm;9605
;2013;Florian;9;Amend;9606
;2013;Alexander;9;Mertel;9607
;2013;Thorsten;9;Goetz;9608
;2013;Volker;9;Bergler;9609
;2013;Markus;9;Soder;9610
;2013;Raimund;9;Gilbert;9611
;2013;Stephanie;9;Elbert;9612
;2013;Claudia;9;Somorowsky;9613
;2013;Dominik;9;Pohley;9614
;2013;Jan;9;Kaiser;9615
;2013;Daniela;9;Bergmann-Albert;9616
;2013;Sabine;9;Goetz;9617
;2013;Ralf;9;Gold;9618
;2013;Robert;9;Schwarz;9619
;2013;Erwin;9;Albert;9620
;2013;Christiane;10;Thuengen Freifrau vo;10601
;2013;Oskar;10;Weinig;10602
;2013;Matthias;10;Duerbeck;10603
;2013;Horst;10;Fischer;10604
;2013;Mario;10;Fischer;10605
;2013;Joachim;10;Gehrig;10606
;2013;Joachim;10;Hubrich;10607
;2013;Christian;10;Lobenhofer;10608
;2013;Walter;10;Mack;10609
;2013;Peter;10;Wagner;10610
;2013;Mechthild;10;Wagner-Blind;10611
;2013;Juergen;11;Neuwirth;11601
;2013;Johannes;11;Buettner;11602
;2013;Gernot;11;Gerlach;11603
;2013;Beate;11;Kesper;11604
;2013;Waldemar;11;Nebolsin;11605
;2013;Jan;11;Buehler;11606
;2013;Michaela;11;Keupp;11607
;2013;Uwe;11;Luehrmann;11608
;2013;Michael;11;Zwirlein;11609
;2013;Stefan;11;Lahne;11610
;2013;Sandra-Bernadett;11;Graetsch;11611
;2013;Lars;11;Zillger;11612
;2013;Patrick;11;Thyen;11613
;2013;Daniel;11;Frey;11614
;2013;Christopher;11;Engert;11615
;2013;Dominik;11;Metzger;11616
 Dr.;2013;Beate;1;Merk;1701
;2013;Thomas;1;Kreuzer;1702
;2013;Angelika;1;Schorer;1703
;2013;Johannes;1;Hintersberger;1704
;2013;Marlies;1;Fasching;1705
 Dr.;2013;Hans;1;Reichhart;1706
;2013;Melanie;1;Dworacek;1707
;2013;Eric;1;Beiwenger;1708
;2013;Reinhold;1;Bittner;1709
;2013;Christoph;1;Baur;1710
;2013;Manfred;1;Losinger;1711
 Dr.;2013;Guenther;1;Hogrefe;1712
;2013;Leo;1;Dietz;1713
;2013;Johann;1;Gschwill;1714
;2013;Michael;1;Bernicker;1715
;2013;Armin;1;Mai;1716
;2013;Erwin;1;Briechle;1717
;2013;Wolfgang;1;Fackler;1718
;2013;Klaus;1;Holetschek;1719
;2013;Bernd;1;Kraenzle;1720
;2013;Franz Josef;1;Pschierer;1721
;2013;Eberhard;1;Rotter;1722
;2013;Alfred;1;Sauter;1723
;2013;Peter;1;Tomaschko;1724
;2013;Carolina;1;Trautner;1725
;2013;Georg;1;Winter;1726
;2013;Harald;2;Gueller;2701
 Dr.;2013;Simone;2;Strohmayr;2702
 Dr.;2013;Paul;2;Wengert;2703
;2013;Ilona;2;Deckwerth;2704
 Dr.;2013;Linus;2;Foerster;2705
;2013;Mirjam;2;Steiner;2706
;2013;Achim;2;Fil;2707
;2013;Marion;2;Segnitzer;2708
;2013;Karl-Martin;2;Woehner;2709
;2013;Anne;2;Kraus;2710
;2013;Carmine;2;Macaluso;2711
;2013;Herbert;2;Woerlein;2712
;2013;Joerg;2;Hilbert;2713
;2013;Sylvana;2;Beinemann;2714
;2013;Michael;2;Boeck;2715
;2013;Catrin;2;Riedl;2716
;2013;Ludwig;2;Faber;2717
;2013;Rosl;2;Schaeufele;2718
;2013;Walter;2;Joeckel;2719
;2013;Irmgard;2;Singer-Prochazka;2720
;2013;David;2;Knuplesch;2721
;2013;Stefanie;2;Steinle;2722
;2013;Wolfgang;2;Konle;2723
;2013;Georg;2;Waldmann;2724
;2013;Christoph;2;Schmid;2725
;2013;Markus;2;Kubatschka;2726
;2013;Bernhard;3;Pohl;3701
;2013;Johann;3;Haeusler;3702
;2013;Ulrike;3;Mueller;3703
 Dr.;2013;Leopold;3;Herz;3704
;2013;Petra;3;Wengert;3705
;2013;Fabian;3;Mehring;3706
;2013;Hermann;3;Muehlbauer;3707
;2013;Werner;3;Weiss;3708
;2013;Johann;3;Wengenmeir;3709
;2013;Markus;3;Trinkwalder;3710
;2013;Regina;3;Stuber-Schneider;3711
;2013;Hans-Volker;3;Schafitel;3712
;2013;Bernd;3;Horst;3713
;2013;Hermann;3;Zelt;3714
;2013;Christine;4;Kamm;4701
;2013;Thomas;4;Gehring;4702
;2013;Theresa;4;Schopper;4703
;2013;Christine;4;Raeder;4704
;2013;Maximilian;4;Deisenhofer;4705
;2013;Ursula;4;Kneil-Eder;4706
;2013;Cemal;4;Bozoglu;4707
;2013;Doris;4;Kienle;4708
;2013;Stefan;4;Liepert;4709
;2013;Katharina;4;Stephan;4710
;2013;Alexander;4;Kolb;4711
;2013;Ursula;4;Jung;4712
;2013;Klaus;4;Becker;4713
;2013;Kirsten;4;Wild;4714
;2013;Holger;4;Greif;4715
;2013;Gundula;4;Gruber;4716
;2013;Nico;4;Ach;4717
;2013;Magdalena;4;Federlin;4718
;2013;Hubert;4;Endhardt;4719
;2013;Anja;4;Steinle;4720
 Dr.;2013;Michael;4;Schwindel;4721
;2013;Mechthild;4;Destruelle;4722
;2013;Peter;4;Lurz;4723
;2013;Maartje;4;Tubbesing;4724
;2013;Hannes;4;Groenninger;4725
;2013;Ulrich;4;Leiner;4726
;2013;Markus;5;Arnold;5701
;2013;Stephan;5;Thomae;5702
;2013;Karlheinz;5;Faller;5703
;2013;Monika;5;Mueller;5704
 Prof.;2013;Dr. Georg;5;Barfu;5705
;2013;Michael;5;Oczipinsky;5706
 Dr.;2013;Franz Josef;5;Neumayer;5707
;2013;Roland;5;Prienitz;5708
;2013;Toni;5;Resch;5709
;2013;Fridolin;5;Fluhr;5710
 Dr.;2013;Dominik;5;Spitzer;5711
;2013;Ernst;5;Bommer;5712
;2013;Gottfried;5;Schwank;5713
 Dr.;2013;Nikolai Georgiev;5;Rainov;5714
;2013;Bianca;5;Buchenberg;5715
;2013;Ursula;5;Eyrich;5716
;2013;Martin;5;Rei;5717
 Dr.;2013;Hans;5;Schedel;5718
;2013;Klaus;5;Mueller;5719
;2013;Angelika;5;Zajicek;5720
;2013;Christian;5;Korn;5721
;2013;Axel;5;Bergen van;5722
 Dr.;2013;Wilhelm Klaus;5;Beutefuehr;5723
;2013;Sebastian;5;Weins;5724
;2013;Winfried;5;Fichtel;5725
;2013;Robert;5;Wittmann;5726
;2013;Otto;6;Hutter;6701
;2013;Sabrina;6;Balkheimer;6702
;2013;Xaver;6;Merk;6703
;2013;Ilona;6;Seel;6704
;2013;Michael;6;Wiesmeier;6705
;2013;Karin;6;Wei;6706
;2013;Cengiz;6;Tuncer;6707
;2013;Sibylle;6;Oppitz;6708
;2013;Ekrem;6;Simsek;6709
;2013;Erika;6;Mueller;6710
;2013;Rainer;6;Noedel;6711
;2013;Walter;6;Metzinger;6712
;2013;Gerhard;6;Eberhardinger;6713
;2013;Benjamin;6;Clamroth;6714
;2013;Heiner;6;Holl;6715
;2013;Kai Erik;6;Huber;6716
;2013;Alexander;6;Seufert;6717
;2013;Peter;6;Ruck;6718
;2013;Rainer;6;Gla;6719
;2013;Silke;6;Lotz;6720
;2013;Peter;6;Boehm;6721
;2013;Paul;6;Meichelboeck;6722
;2013;Michael;6;Wei;6723
;2013;Michael;6;Roele;6724
;2013;Stefan;6;Albanesi;6725
;2013;Gabriela;7;Schimmer-Goeresz;7701
;2013;Ulrich;7;Hoffmann;7702
;2013;Gabriele;7;Olbrich-Krakowitzer;7703
;2013;Benedikt;7;Bogdahn;7704
;2013;Julia;7;Winkler;7705
;2013;Franz-Xaver;7;Horn;7706
;2013;Maria;7;Posch;7707
;2013;Michael;7;Hofer;7708
;2013;Rosina Katharina;7;Rottmann-Boerner;7709
;2013;Xaver;7;Fichtl;7710
;2013;Lucia Maria;7;Fischer;7711
;2013;Johannes;7;Thum;7712
;2013;Maximilian Anton;7;Wegele;7713
;2013;Roland;7;Wagner;7714
;2013;Michael Siegfried;7;Bettinger;7715
;2013;Herbert;7;Siegel;7716
;2013;Peter;7;Miller;7717
;2013;Karl;7;Brugger;7718
;2013;Kilian;7;Welser;7719
;2013;Renate Elfriede Wilh;7;Goerlitz;7720
;2013;Klaus;7;Vidal;7721
;2013;Christian Wolfgang;7;Pettinger;7722
 Dr.;2013;Rudolf Josef;7;Stockerl;7723
;2013;Rafael;7;Neidinger;7724
;2013;Roland;7;Brunhuber;7725
;2013;Karl;7;Berchtold;7726
;2013;Johann;8;Gaertner;8701
;2013;Hermann;8;Mack;8702
;2013;Friedlinde;8;Besserer;8703
;2013;Holger;8;Rettenberger;8704
;2013;Michael;8;Ulmer;8705
;2013;Helmut;8;Duerrwanger;8706
;2013;Georg;8;Pretscher;8707
;2013;Benjamin;8;Kahlau;8708
;2013;Gerhard;8;Eser;8709
;2013;Robert;8;Lieb;8710
;2013;Hermann;8;Koehler;8711
;2013;Rudolf;8;Hartmann;8712
;2013;Helmut;8;Klaus;8713
;2013;Sabine;8;Streitle;8714
;2013;Janine;8;Rackwitz;8715
;2013;Josef;8;Stegmair;8716
;2013;Johanna;8;Rohrmayr;8717
;2013;Ludwig;8;Streitle;8718
;2013;Peter;8;Scheibenbogen;8719
;2013;Wendelin;8;Widmann;8720
;2013;Martin;8;Botzenhart;8721
;2013;Sven;8;Israel;8722
;2013;Markus;8;Stegmair;8723
;2013;Jens;8;Salemann;8724
;2013;Peter;8;Deil;8725
;2013;Manfred;9;Waldukat;9701
;2013;Alexander Friedrich;9;Kreidemann;9702
;2013;Kurt Juergen;9;Blank;9703
;2013;Danilo;9;Krautz;9704
;2013;Achim;9;Kast;9705
;2013;Rudolf;9;Rieger;9706
;2013;Ulrich Otto;9;Pahl;9707
;2013;Alexander;9;Feyen;9708
;2013;Christian;9;Daschner;9709
;2013;Christian Andreas;9;Aumiller;9710
;2013;Markus;9;Maucher;9711
;2013;Harald;9;Immler;9712
;2013;Karl-Heinz;9;Kuegle;9713
;2013;Peter;10;Fendt;10701
 Dr.;2013;Josef;10;Kirchmann;10702
;2013;Lucas;10;Hotter;10703
;2013;Hans-Juergen;10;Mai;10704
;2013;Sven;10;Mueller;10705
;2013;Andreas;10;Lehnert;10706
;2013;Werner;10;Link;10707
;2013;Gerd-Josef;10;Hermanns;10708
;2013;Norbert;10;Bruckmeier;10709
;2013;Richard;10;Memminger;10710
;2013;Heidemarie;10;Schmid-Walser;10711
;2013;Max-Dieter;10;Walser;10712
;2013;Peter;10;Kuehner;10713
;2013;Wolfgang;10;Schmidt;10714
;2013;Albert;10;Ottillinger;10715
 Dr.;2013;Hermann;10;Seiderer;10716
 Dr.;2013;Karl;10;Renner;10717
 Dr.;2013;Thomas;10;Hilscher;10718
;2013;Hans-Peter;10;Wassermann;10719
;2013;Martin;10;Balleis;10720
;2013;Thomas;10;Steinhauser;10721
;2013;Joachim;10;Franz;10722
;2013;Markus;10;Laatz;10723
;2013;Manfred;10;Lehner;10724
;2013;Karlheinz;10;Rueffer;10725
;2013;Otto;10;Leising;10726
;2013;Regina;11;Thum-Ziegler;11701
;2013;Elisabeth;11;Slavicek;11702
;2013;Sonja;11;Kuban;11703
;2013;Barbara;11;Geppert;11704
;2013;Martha;11;Stark;11705
;2013;Veronika;11;Thum-Koeglowitz;11706
;2013;Diana;11;Waimann;11707
;2013;Birgit;11;Ludwig;11708
;2013;Elisabeth;11;Brock;11709
;2013;Gabriele;11;Eisen;11710
;2013;Sandra;11;Eireiner-Hauber;11711
;2013;Manuela;11;Hofmann-Scherrers;11712
;2013;Sabine;11;Foerg;11713
;2013;Maria;11;Leunissen;11714
;2013;Birgitta;11;Thum-Mannert;11715
;2013;Ina;11;Schoenborn;11716
;2013;Silvia;11;Gollmer;11717
;2013;Yvonne;11;Hauber;11718
;2013;Brunhilde;11;Sobott;11719
;2013;Heidi;11;Hager;11720
;2013;Marlene;11;Mannert;11721
;2013;Gisela;11;Riehle;11722
;2013;Petra;11;Malek;11723
;2013;Silvia;11;Norzinski;11724
;2013;Ursula;11;Aue;11725
;2013;Veronika;11;Jehl-Hampp;11726
;2013;Thomas;12;Wagner;12701
;2013;Christian Andreas;12;Haas;12702
;2013;Andreas;12;Herz;12703
;2013;Haide;12;Friedrich Salgado;12704
;2013;David;12;Krcek;12705
;2013;Hans-Peter;12;Frommelt;12706
;2013;Thomas;12;Blechschmidt;12707
;2013;Werner;12;Steppuhn;12708
;2013;Rudolf Felix;12;Ristl;12709
;2013;Thomas;12;Zenetti;12710
;2013;Cagatay;12;zbay;12711
;2013;Oliver;12;Staude;12712
;2013;Michael;12;Proil;12713
